old_sha,new_sha,old_short,new_short,changed
01f1946b81abeb72e3bafd4a296405b4f88c6ab4,01f1946b81abeb72e3bafd4a296405b4f88c6ab4,01f1946,01f1946,False
07f54163ca72e5176f1f66707fe3d68faeeefa50,07f54163ca72e5176f1f66707fe3d68faeeefa50,07f5416,07f5416,False
0887081ccf57e45397749e9c31571dd830431d64,0887081ccf57e45397749e9c31571dd830431d64,0887081,0887081,False
0d60f6e21130568e0e512b9d641ee3966e7cec52,0d60f6e21130568e0e512b9d641ee3966e7cec52,0d60f6e,0d60f6e,False
0ef0790ac84bf57b3b3ef97d1ea5bf1257483200,0ef0790ac84bf57b3b3ef97d1ea5bf1257483200,0ef0790,0ef0790,False
15cf969464d391fe43a09e052f79dfa537dc8fee,15cf969464d391fe43a09e052f79dfa537dc8fee,15cf969,15cf969,False
1881284a62c638355659574445b8ad46ff31a5a7,1881284a62c638355659574445b8ad46ff31a5a7,1881284,1881284,False
1d122c4ccc7e9aaeec76bb631a4d4d9b52194438,04bf034ff774161ab5ee224fcfe5a1872ce25b44,1d122c4,04bf034,True
1e5265009a4e7b5edac5fe0a49ee008db61302a2,1e5265009a4e7b5edac5fe0a49ee008db61302a2,1e52650,1e52650,False
2588da3cff601e6081d2fcf52d12d5dee87ee36b,2588da3cff601e6081d2fcf52d12d5dee87ee36b,2588da3,2588da3,False
26f217fe819965f5f8357dde4526a6ad3986a9cd,26f217fe819965f5f8357dde4526a6ad3986a9cd,26f217f,26f217f,False
27669e6174f0601f0e47b691a8e2d55e6bca7a3a,27669e6174f0601f0e47b691a8e2d55e6bca7a3a,27669e6,27669e6,False
2c6a976b0cc1d293dcf4cf0f889356d67cd1cd22,2c6a976b0cc1d293dcf4cf0f889356d67cd1cd22,2c6a976,2c6a976,False
38d3fce2277b1e1923b55b26027191e858f8805a,38d3fce2277b1e1923b55b26027191e858f8805a,38d3fce,38d3fce,False
4f243643f6c75e958817e36beb37e0305932e66d,4f243643f6c75e958817e36beb37e0305932e66d,4f24364,4f24364,False
503cf2f34413283477e39fa597f3809ddbca705f,503cf2f34413283477e39fa597f3809ddbca705f,503cf2f,503cf2f,False
5093ce041427a53895d9915a43e65428c2f7c7e8,5093ce041427a53895d9915a43e65428c2f7c7e8,5093ce0,5093ce0,False
512533f56bc4f1a898446205b3bbbfed62f16723,512533f56bc4f1a898446205b3bbbfed62f16723,512533f,512533f,False
5b947cc2815e3e78b7eeb74210a6c1aba1dd89e5,5b947cc2815e3e78b7eeb74210a6c1aba1dd89e5,5b947cc,5b947cc,False
66c100b1540db59f2ef44cb971d632591a8f581a,66c100b1540db59f2ef44cb971d632591a8f581a,66c100b,66c100b,False
6be4ad915f12b6092b8185670ff7f59e801f9ffb,6be4ad915f12b6092b8185670ff7f59e801f9ffb,6be4ad9,6be4ad9,False
716c51c3bd31c5f0b74c7f0a7f6c028fff230949,716c51c3bd31c5f0b74c7f0a7f6c028fff230949,716c51c,716c51c,False
8983eb8b53c032d082d45fedb04e00385c1f40e8,8983eb8b53c032d082d45fedb04e00385c1f40e8,8983eb8,8983eb8,False
89ddaa7a62eece4bdb94cf6e0072c4440e2e7f75,89ddaa7a62eece4bdb94cf6e0072c4440e2e7f75,89ddaa7,89ddaa7,False
8a6b7e796c40eef7c2a6ac50db88600c369f66a6,8a6b7e796c40eef7c2a6ac50db88600c369f66a6,8a6b7e7,8a6b7e7,False
901bd5750ca0e87fe9c96b3578d43206a0203449,901bd5750ca0e87fe9c96b3578d43206a0203449,901bd57,901bd57,False
9c9bafa4cddf8eecef1ab60daa95d0f72ccf6427,9c9bafa4cddf8eecef1ab60daa95d0f72ccf6427,9c9bafa,9c9bafa,False
9f39d9bff06380c4c7e9ebc99f8c017115c4f22a,9f39d9bff06380c4c7e9ebc99f8c017115c4f22a,9f39d9b,9f39d9b,False
a0d6e14e32b311c3834a97833b9a9b08ac007228,a0d6e14e32b311c3834a97833b9a9b08ac007228,a0d6e14,a0d6e14,False
a4d55d8a924b4b28259f5250cdf2585c172c7e32,a4d55d8a924b4b28259f5250cdf2585c172c7e32,a4d55d8,a4d55d8,False
a9f3a3bff99082081c2a4da59512d3ad84968554,a9f3a3bff99082081c2a4da59512d3ad84968554,a9f3a3b,a9f3a3b,False
b5117dee75be0f7a91a134675ea570c42b05071b,b5117dee75be0f7a91a134675ea570c42b05071b,b5117de,b5117de,False
ceb88985bd17126f17a6f747b49024c170d3705d,ceb88985bd17126f17a6f747b49024c170d3705d,ceb8898,ceb8898,False
d515950e84942ad919a41a62a9c308281dd709c0,d515950e84942ad919a41a62a9c308281dd709c0,d515950,d515950,False
d5d2741017d527dd549d8d9a9d0bf916d6f58daf,d5d2741017d527dd549d8d9a9d0bf916d6f58daf,d5d2741,d5d2741,False
d95582bd645dcb23a10da7d6db45f266e38a3204,d95582bd645dcb23a10da7d6db45f266e38a3204,d95582b,d95582b,False
e2d2a680a6f7931803596eb56f155f3e8e49dc58,e2d2a680a6f7931803596eb56f155f3e8e49dc58,e2d2a68,e2d2a68,False
e95f0c62d777fc67b6e5989b31355ebfcced93c5,3a81cb0c4dab3fa3027ae5dd67b1085a17a17996,e95f0c6,3a81cb0,True
fadedf2bbd15d668e5d54a471b3f073fc0590096,fadedf2bbd15d668e5d54a471b3f073fc0590096,fadedf2,fadedf2,False
